filename,Hold Line,Left Dashed,Left Line,Right Dashed,Right Line
pitin_mp4-346_jpg.rf.96ded242b30de738dd57686c323ce448.jpg,0,1,1,0,0
frame841_png.rf.300afd0830e6680c96955ad0aaab84a5.jpg,0,0,1,0,1
frame967_png.rf.cc0e52a01bad104c583d2c31052e0213.jpg,1,0,1,0,1
frame16_png.rf.6f17672a11d25ff20652cae26e2ec1dd.jpg,1,0,1,0,1
frame189_png.rf.ee50a4182f93d68467edd2032bf1c48e.jpg,0,0,1,0,1
frame32_png.rf.1b39634ba44a86fc7272feca2fe0825c.jpg,1,0,1,0,1
frame664_png.rf.b1f74b21dbb0d282582c0dd245eb6c90.jpg,0,0,1,0,0
pitin_mp4-146_jpg.rf.32b91c7c1fdfde7cdb95382495030b29.jpg,0,0,1,0,0
pitin_mp4-195_jpg.rf.622fbad993475a4c3712de88a1a25ff1.jpg,0,0,1,0,1
frame380_png.rf.8de539d214987c8c68ca2fea0bbd4fe1.jpg,0,1,1,0,0
pitin_mp4-194_jpg.rf.02321dc7ab6a12ca1707f6374374cc94.jpg,0,0,1,0,1
frame191_png.rf.45b41512d6371f94303e7a7eb17f78c3.jpg,0,0,1,1,1
frame196_png.rf.a84b3eb21bc619abeeea21aa8ec56b05.jpg,0,0,1,1,1
frame2_png.rf.509c01d2e52dcefd8b8092e0dbcf0666.jpg,1,1,1,0,1
frame12_png.rf.6a422af14706039660f7fd790aa6d2c4.jpg,0,0,1,1,1
pitin_mp4-111_jpg.rf.da3ed6182e71794056423440b8e6d143.jpg,0,0,1,0,0
pitin_mp4-30_jpg.rf.a6a6e2ce19331deafb60b8a0d5f546aa.jpg,1,1,1,0,1
frame88_png.rf.e6a99896549d4d98becf367962f69341.jpg,1,1,1,0,1
frame20_png.rf.ce973ba90783c19df10746db379b394f.jpg,1,1,1,0,1
frame291_png.rf.dd2ef60805af22191de419f01d48ac4f.jpg,0,0,1,1,1
frame54_png.rf.e3e57e253556a78a455b4600fb880c71.jpg,0,0,1,1,1
frame753_png.rf.93e4d2f45f4cf536c9cee898bef1767b.jpg,0,0,0,0,1
frame228_png.rf.1bf906e68feb99d3ba1a0b0c7c75ff9c.jpg,0,0,1,1,1
frame204_png.rf.3f507887b5a74e73a0b00488a960fa45.jpg,0,0,1,1,1
frame656_png.rf.cf1db7be0f3b8dff0bd769a1a91ef3a2.jpg,0,0,1,0,0
frame924_png.rf.3d47da5d265bb82d7f2928e9465cb24e.jpg,0,0,1,0,0
frame45_png.rf.a3353ccfc0cf6877b5ce4428ca0d9e3e.jpg,0,0,1,1,1
frame616_png.rf.c6480178dc0577cd14d11dc127d68f46.jpg,0,0,1,0,1
frame241_png.rf.e9e720d62092c1ad9b2737a980df6dd0.jpg,0,0,1,1,1
frame337_png.rf.300d9a7674ef11717163f781395a113b.jpg,0,0,1,1,1
frame765_png.rf.af23aca9a7a8c4891fe1558d8676e0b6.jpg,0,0,1,1,1
pitin_mp4-0_jpg.rf.c0b82c9bbfa8674166f47ed281de411e.jpg,1,1,1,0,1
frame521_png.rf.f2dd859aabda5cec06ea8662bf7d0c7d.jpg,0,0,1,0,1
frame654_png.rf.b1e869a70cad51e8ed9f72fb64896536.jpg,0,0,1,0,0
frame8_png.rf.60ea1eca72f7984321ce307a1adc9e5e.jpg,1,0,1,0,1
frame480_png.rf.019132ef8b715bb44b3fe499fa2e055a.jpg,0,0,1,0,1
frame284_png.rf.540ae09e6731092d515194f8877506ee.jpg,0,0,1,0,0
frame1009_png.rf.ef6608756a40033ab17c3b30299d3376.jpg,0,0,1,0,1
frame601_png.rf.6665302d629c3fc9358123ab8de85460.jpg,0,0,0,0,1
pitin_mp4-113_jpg.rf.5227bc4d62cbc7511872c1f7f7a803c4.jpg,0,0,1,0,0
frame712_png.rf.6f5a37a5fffd3b79e1a53d0d211f947e.jpg,0,0,1,0,1
frame48_png.rf.89f5b33442c1050c172c9c7b09568da6.jpg,0,0,1,0,1
frame24_png.rf.da8d1309f3104af6a18d5c60c1e9c647.jpg,1,1,1,0,1
frame849_png.rf.2399c6ab702570f682fa052911c0082c.jpg,0,0,1,0,1
frame6_png.rf.79c3f280312cf76376fb3c163649b366.jpg,1,0,1,0,1
frame213_png.rf.ed2a5879a25338afe953d097d4b776f4.jpg,0,0,1,1,1
frame168_png.rf.401b6acd73ba42d53ea6d9a7bb73315e.jpg,1,0,1,0,1
frame432_png.rf.03ca8cfec2906dbe1bb3b03a4d7adfcd.jpg,1,1,1,0,1
frame370_png.rf.b67081ac91e7731d72703f9a40c0b694.jpg,0,1,1,0,0
frame138_png.rf.1a1c18625117db437e462bfe2f11e3fa.jpg,0,0,1,1,1
frame698_png.rf.fe77c5c1922ee8710b66bdef66a444f3.jpg,0,0,1,0,0
frame21_png.rf.736b333d3bca33f42af84ae6207e3da1.jpg,0,0,1,1,1
pitin_mp4-2_jpg.rf.dd639e3c9a3150c8bb9efea43958888f.jpg,1,1,1,0,1
frame49_png.rf.45dd2b3e61a2d8a656ace7458a4b142e.jpg,0,0,1,1,1
frame110_png.rf.3278d0f94838bd0ec020bd7e192812d4.jpg,1,1,1,0,1
frame0-2-_png.rf.7b40fce8be01d45f56e61398faad641d.jpg,1,1,1,0,1
frame109_png.rf.bef48dee83b811dd895760f65e81380d.jpg,0,0,1,1,1
frame494_png.rf.dea05345fd2f17b7601fe454dcfe6ae7.jpg,0,0,1,0,0
frame300_png.rf.0ad7b2ff56f69c08c8d46a6e58a3d143.jpg,0,0,0,0,1
frame396_png.rf.1601f36774472cde81a82659c88f7816.jpg,1,1,1,0,1